Name,Comments
tagobj1,tag object 1
tagobj2,tag object 2
tagobj3,tag object 3
tagobj4,tag object 4
tagobj5,tag object 5
tagobj6,tag object 6
tagobj7,tag object 7
tagobj8,tag object 8
tagobj9,tag object 9
tagobj10,tag object 10
tagobj11,tag object 11
tagobj12,tag object 12
tagobj13,tag object 13
tagobj14,tag object 14
tagobj15,tag object 15
tagobj16,tag object 16
tagobj17,tag object 17
tagobj18,tag object 18
tagobj19,tag object 19
tagobj20,tag object 20
tagobj21,tag object 21
tagobj22,tag object 22
tagobj23,tag object 23
tagobj24,tag object 24
tagobj25,tag object 25
tagobj26,tag object 26
tagobj27,tag object 27
tagobj28,tag object 28
tagobj29,tag object 29
tagobj30,tag object 30
tagobj31,tag object 31
tagobj32,tag object 32
tagobj33,tag object 33
tagobj34,tag object 34
tagobj35,tag object 35
tagobj36,tag object 36
tagobj37,tag object 37
tagobj38,tag object 38
tagobj39,tag object 39
tagobj40,tag object 40
tagobj41,tag object 41
tagobj42,tag object 42
tagobj43,tag object 43
tagobj44,tag object 44
tagobj45,tag object 45
tagobj46,tag object 46
tagobj47,tag object 47
tagobj48,tag object 48
tagobj49,tag object 49
tagobj50,tag object 50
